0,1,2,3,4
1,John Doe,Developer,60000.00,2024-12-30
2,Jane Smith,Project Manager,80000.00,2024-12-30
3,Michael Brown,Designer,55000.00,2024-12-30
4,Emily Davis,QA Engineer,50000.00,2024-12-30
5,David Wilson,Data Analyst,65000.00,2024-12-30
6,Sophia Johnson,HR Manager,75000.00,2024-12-30
7,James Moore,DevOps Engineer,70000.00,2024-12-30
8,Linda Taylor,Content Writer,45000.00,2024-12-30
9,Daniel Anderson,Marketing Specialist,48000.00,2024-12-30
10,Olivia Martinez,Sales Executive,52000.00,2024-12-30
